iL01,https://www.youtube.com/watch?v=uxAfsSOlUDU,1058,'in'
Ws01,https://www.youtube.com/watch?v=x3JyAYiWOXU,497,'in'
lZ01,https://www.youtube.com/watch?v=-diVmRehwb8,406,'in'
kz01,https://www.youtube.com/watch?v=VqZ6v_EUw-A,406,'in'
hh01,https://www.youtube.com/watch?v=ygyouv4A0wY,184,'in'
hh01,https://www.youtube.com/watch?v=ygyouv4A0wY,307,'in'
io01,https://www.youtube.com/watch?v=si9T2ZjemjQ,406,'in'
2U01,https://www.youtube.com/watch?v=YxTijt5YI8s,184,'in'
jS01,https://www.youtube.com/watch?v=pRS9hXqTFsI,406,'in'
7t01,https://www.youtube.com/watch?v=71T8SrKhBbQ,184,'in'
cO01,https://www.youtube.com/watch?v=YxtDVZPU7vs,161,'in'
Kl01,https://www.youtube.com/watch?v=7bUlTsX0WJA,184,'in'
cD01,https://www.youtube.com/watch?v=Qn4SFJBHk7Y,497,'in'
6301,https://www.youtube.com/watch?v=IopGbBELGJw,161,'in'
v001,https://www.youtube.com/watch?v=948VjdwhfR4,1058,'in'
AT00,,184,'in'
AT00,,497,'in'
AT00,,307,'in'
AT00,,380,'in'
RH00,https://www.youtube.com/watch?v=YdsFj5VZxso,380,'in'
kn00,https://www.youtube.com/watch?v=YudoCcJRVpg,184,'in'
Yr00,https://www.youtube.com/watch?v=zYsvZt_16uw,161,'in'
zX00,https://www.youtube.com/watch?v=lkV-f2rZVWs,184,'in'
zX00,https://www.youtube.com/watch?v=lkV-f2rZVWs,380,'in'
VF00,https://www.youtube.com/watch?v=FyFCTgvGtAg,161,'in'
1100,https://www.youtube.com/watch?v=jFMl3q3ziCg,161,'in'
6o00,https://www.youtube.com/watch?v=qqBjjRf-vnw,161,'in'
