hh01,https://www.youtube.com/watch?v=ygyouv4A0wY,88,'out'
uF01,https://www.youtube.com/watch?v=M-3O5mN5t9w,88,'out'
Dn01,https://www.youtube.com/watch?v=8SM5sD8Y1ys,88,'out'
pY01,https://www.youtube.com/watch?v=S2Ert2-zCD8,88,'out'
QC01,https://www.youtube.com/watch?v=Eu18xN_opJ4,248,'out'
f301,https://www.youtube.com/watch?v=dG_H-8UdJ5Y,419,'out'
4J01,https://www.youtube.com/watch?v=ib2JXeJwW0Q,248,'out'
Kl01,https://www.youtube.com/watch?v=7bUlTsX0WJA,88,'out'
b901,https://www.youtube.com/watch?v=J_8jXblR_FQ,276,'out'
Ry00,https://www.youtube.com/watch?v=As8QSSO9cSA,1226,'out'
AT00,,88,'out'
7a00,https://www.youtube.com/watch?v=Pv_DwWNbtd4,313,'out'
j200,https://www.youtube.com/watch?v=Tucu8RxIwvc,419,'out'
bN00,https://www.youtube.com/watch?v=-AiZBGIZZJE,666,'out'
J900,https://www.youtube.com/watch?v=REmGi8a57L8,276,'out'
bQ00,https://www.youtube.com/watch?v=vbYqbPKomhM,88,'out'
bQ00,https://www.youtube.com/watch?v=vbYqbPKomhM,313,'out'
zX00,https://www.youtube.com/watch?v=lkV-f2rZVWs,88,'out'
jA00,https://www.youtube.com/watch?v=JlN-3TRk05w,276,'out'
rG00,https://www.youtube.com/watch?v=4f2F-edkUm0,666,'out'
wp00,https://www.youtube.com/watch?v=0LRSYA0p-J8,248,'out'
7000,https://www.youtube.com/watch?v=KNnaxJ_OUFI,88,'out'
tq00,https://www.youtube.com/watch?v=NsoHNb49rV0,291,'out'
Jg00,https://www.youtube.com/watch?v=kixB4sFmBPY,666,'out'
OJ00,https://www.youtube.com/watch?v=xq7d_ZsgnDM,88,'out'
gD00,https://www.youtube.com/watch?v=ygobSL3re5o,276,'out'
